scales,traffic_ratio
20,2.1461932147312557
40,2.7691231893992825
60,3.125941270226915
80,3.3536078140574777
100,3.510785519310429
